codigo,categoria,seccion,producto,disponibilidad,unidades,foto
MG-001,Motor y transmisión,💰 Oportunidades,6301RS,Disponible,0,fotos/MG-001.jpg
MG-002,Químicos y sprays,💰 Oportunidades,Abrillantador de llantas,Disponible,0,fotos/MG-002.jpg
MG-003,Sistema eléctrico,⚡ Repuestos disponibles,Alarmas,Disponible,17,fotos/MG-003.jpg
MG-004,Frenos,💰 Oportunidades,Bombas de freno,Disponible,0,fotos/MG-004.jpg
MG-005,Sistema eléctrico,💰 Oportunidades,Breker,Disponible,1,fotos/MG-005.jpg
MG-006,Accesorios y tornillería,💰 Oportunidades,Bridas (100ud),Disponible,0,fotos/MG-006.jpg
MG-007,Motor y transmisión,No disponible,Bujia AX100 corto,Agotado,0,fotos/MG-007.jpg
MG-008,Motor y transmisión,No disponible,Bujia AX100 iridium,Agotado,0,fotos/MG-008.jpg
MG-009,Motor y transmisión,💰 Oportunidades,Bujia CG,Disponible,0,fotos/MG-009.jpg
MG-010,Sistema eléctrico,No disponible,Cajas de luces 15amp,Agotado,0,fotos/MG-010.jpg
MG-011,Sistema eléctrico,🔥 Más buscados,Cajas de luces Yoasaky,Disponible,43,fotos/MG-011.jpg
MG-012,Accesorios y tornillería,💰 Oportunidades,Candado de timon,Disponible,0,fotos/MG-012.jpg
MG-013,Accesorios y tornillería,💰 Oportunidades,Candados de bicicleta,Disponible,0,fotos/MG-013.jpg
MG-014,Carrocería y controles,💰 Oportunidades,Capas bicimoto,Disponible,0,fotos/MG-014.jpg
MG-015,Sistema eléctrico,No disponible,Cargadores de bicimoto,Agotado,0,fotos/MG-015.jpg
MG-016,Motor y transmisión,💰 Oportunidades,Chucho AX100,Disponible,0,fotos/MG-016.jpg
MG-017,Motor y transmisión,💰 Oportunidades,Chucho GN125,Disponible,0,fotos/MG-017.jpg
MG-018,Motor y transmisión,No disponible,Chuchos de aguila,Agotado,0,fotos/MG-018.jpg
MG-019,Motor y transmisión,💰 Oportunidades,Chuchos de unico,Disponible,1,fotos/MG-019.jpg
MG-020,Sistema eléctrico,💰 Oportunidades,Conmutador AX100,Disponible,0,fotos/MG-020.jpg
MG-021,Sistema eléctrico,💰 Oportunidades,Conmutador GN125,Disponible,0,fotos/MG-021.jpg
MG-022,Sistema eléctrico,💰 Oportunidades,Conmutadores avispon,Disponible,0,fotos/MG-022.jpg
MG-023,Sistema eléctrico,💰 Oportunidades,Conmutadores de 6 boton,Disponible,0,fotos/MG-023.jpg
MG-024,Sistema eléctrico,No disponible,Conmutadores de dos pasos,Agotado,0,fotos/MG-024.jpg
MG-025,Carrocería y controles,💰 Oportunidades,Espejo GN 125,Disponible,0,fotos/MG-025.jpg
MG-026,Carrocería y controles,💰 Oportunidades,Espejo tipo Monster,Disponible,0,fotos/MG-026.jpg
MG-027,Carrocería y controles,💰 Oportunidades,Espejos alerones,Disponible,2,fotos/MG-027.jpg
MG-028,Carrocería y controles,⚡ Repuestos disponibles,Espejos Copia Mishosuky,Disponible,6,fotos/MG-028.jpg
MG-029,Carrocería y controles,💰 Oportunidades,Espejos rizomas,Disponible,1,fotos/MG-029.jpg
MG-030,Carrocería y controles,No disponible,Estribo posterior GN125,Agotado,0,fotos/MG-030.jpg
MG-031,Iluminación,💰 Oportunidades,Farol GN125,Disponible,0,fotos/MG-031.jpg
MG-032,Motor y transmisión,💰 Oportunidades,Filtro gasolina universal,Disponible,0,fotos/MG-032.jpg
MG-033,Sistema eléctrico,💰 Oportunidades,Flasher con sonido,Disponible,0,fotos/MG-033.jpg
MG-034,Frenos,🔥 Más buscados,Forros,Disponible,32,fotos/MG-034.jpg
MG-035,Ruedas y llantas,💰 Oportunidades,GOMAS 10,Disponible,0,fotos/MG-035.jpg
MG-036,Ruedas y llantas,💰 Oportunidades,GOMAS 14,Disponible,0,fotos/MG-036.jpg
MG-037,Sistema eléctrico,💰 Oportunidades,GPS,Disponible,0,fotos/MG-037.jpg
MG-038,Iluminación,💰 Oportunidades,Intermitentes 12V,Disponible,0,fotos/MG-038.jpg
MG-039,Iluminación,💰 Oportunidades,Intermitentes led juego de 4,Disponible,0,fotos/MG-039.jpg
MG-040,Iluminación,💰 Oportunidades,Intermitentes secuenciales,Disponible,0,fotos/MG-040.jpg
MG-041,Motor y transmisión,💰 Oportunidades,Kit de juntas AX100,Disponible,0,fotos/MG-041.jpg
MG-042,Motor y transmisión,No disponible,Kit de rodamiento,Agotado,0,fotos/MG-042.jpg
MG-043,Carrocería y controles,💰 Oportunidades,Letra susuki para tanque,Disponible,0,fotos/MG-043.jpg
MG-044,Accesorios y tornillería,💰 Oportunidades,Ligas de amarre,Disponible,0,fotos/MG-044.jpg
MG-045,Químicos y sprays,💰 Oportunidades,Limpia tapiceria,Disponible,0,fotos/MG-045.jpg
MG-046,Frenos,No disponible,Mangueras delanteras,Agotado,0,fotos/MG-046.jpg
MG-047,Frenos,💰 Oportunidades,Manija de freno,Disponible,0,fotos/MG-047.jpg
MG-048,Frenos,💰 Oportunidades,Manillas roboticas bomba bomba,Disponible,1,fotos/MG-048.jpg
MG-049,Frenos,💰 Oportunidades,Manillas Roboticas Bomba cable,Disponible,0,fotos/MG-049.jpg
MG-050,Carrocería y controles,💰 Oportunidades,Manubrio aluminio colores,Disponible,0,fotos/MG-050.jpg
MG-051,Carrocería y controles,💰 Oportunidades,Manubrios protaper,Disponible,0,fotos/MG-051.jpg
MG-052,Sistema eléctrico,💰 Oportunidades,Musica,Disponible,2,fotos/MG-052.jpg
MG-053,Iluminación,💰 Oportunidades,Neblineros Buhos,Disponible,0,fotos/MG-053.jpg
MG-054,Iluminación,💰 Oportunidades,Neblineros lupas,Disponible,0,fotos/MG-054.jpg
MG-055,Accesorios y tornillería,💰 Oportunidades,Paquetes de embellecedores,Disponible,0,fotos/MG-055.jpg
MG-056,Frenos,🔥 Más buscados,Pastillas de freno,Disponible,56,fotos/MG-056.jpg
MG-057,Químicos y sprays,💰 Oportunidades,Pintura en spray amarillo,Disponible,0,fotos/MG-057.jpg
MG-058,Químicos y sprays,💰 Oportunidades,Pintura en spray azul,Disponible,0,fotos/MG-058.jpg
MG-059,Químicos y sprays,💰 Oportunidades,Pintura en spray blanco brillo,Disponible,0,fotos/MG-059.jpg
MG-060,Químicos y sprays,No disponible,Pintura en spray negro mate,Agotado,0,fotos/MG-060.jpg
MG-061,Químicos y sprays,💰 Oportunidades,Pintura en spray plateado,Disponible,0,fotos/MG-061.jpg
MG-062,Químicos y sprays,💰 Oportunidades,Pintura en spray rojo brillo,Disponible,0,fotos/MG-062.jpg
MG-063,Químicos y sprays,💰 Oportunidades,Pintura en spray rojo mate,Disponible,0,fotos/MG-063.jpg
MG-064,Químicos y sprays,💰 Oportunidades,Pintura en spray verde,Disponible,0,fotos/MG-064.jpg
MG-065,Sistema eléctrico,💰 Oportunidades,Pitos de Colores,Disponible,0,fotos/MG-065.jpg
MG-066,Sistema eléctrico,💰 Oportunidades,Pitos negro,Disponible,0,fotos/MG-066.jpg
MG-067,Frenos,💰 Oportunidades,Pulmones de Freno,Disponible,1,fotos/MG-067.jpg
MG-068,Carrocería y controles,💰 Oportunidades,Puños 3V con Retroceso,Disponible,0,fotos/MG-068.jpg
MG-069,Carrocería y controles,No disponible,Puños de aceleracion,Agotado,0,fotos/MG-069.jpg
MG-070,Carrocería y controles,💰 Oportunidades,Puños de Pulso 4V,Disponible,1,fotos/MG-070.jpg
MG-071,Carrocería y controles,💰 Oportunidades,Puños de unico,Disponible,0,fotos/MG-071.jpg
MG-072,Motor y transmisión,💰 Oportunidades,Quita ruido,Disponible,4,fotos/MG-072.jpg
MG-073,Sistema eléctrico,💰 Oportunidades,Regleta,Disponible,0,fotos/MG-073.jpg
MG-074,Servicios técnicos,💰 Oportunidades,Reparacion de bombas delanteras,Disponible,0,fotos/MG-074.jpg
MG-075,Servicios técnicos,💰 Oportunidades,Reparacion de pinzas,Disponible,0,fotos/MG-075.jpg
MG-076,Motor y transmisión,No disponible,Retenes 30*40.5*10.5,Agotado,0,fotos/MG-076.jpg
MG-077,Carrocería y controles,💰 Oportunidades,Slaider Estrellas,Disponible,0,fotos/MG-077.jpg
MG-078,Carrocería y controles,No disponible,Slider Grande,Agotado,0,fotos/MG-078.jpg
MG-079,Químicos y sprays,💰 Oportunidades,Spray aflojalo todo,Disponible,0,fotos/MG-079.jpg
MG-080,Químicos y sprays,💰 Oportunidades,Spray barniz,Disponible,0,fotos/MG-080.jpg
MG-081,Químicos y sprays,💰 Oportunidades,Spray grasa para cadena,Disponible,0,fotos/MG-081.jpg
MG-082,Químicos y sprays,💰 Oportunidades,Spray limpiador de casco,Disponible,0,fotos/MG-082.jpg
MG-083,Químicos y sprays,💰 Oportunidades,Spray marrón antióxido,Disponible,0,fotos/MG-083.jpg
MG-084,Químicos y sprays,💰 Oportunidades,Spray removedor de pintura,Disponible,0,fotos/MG-084.jpg
MG-085,Accesorios y tornillería,💰 Oportunidades,Tapa de valvula,Disponible,0,fotos/MG-085.jpg
MG-086,Sistema eléctrico,💰 Oportunidades,Tomas de carga,Disponible,0,fotos/MG-086.jpg
MG-087,Accesorios y tornillería,⚡ Repuestos disponibles,Tornillos embellecedores,Disponible,16,fotos/MG-087.jpg
MG-088,Sistema eléctrico,No disponible,Twitter,Agotado,0,fotos/MG-088.jpg
MG-089,Sistema eléctrico,⚡ Repuestos disponibles,Voltimetros,Disponible,12,fotos/MG-089.jpg
